update,frames,FPS,duration,rreturn_mean,rreturn_std,rreturn_min,rreturn_max,average_reward_per_step,average_discounted_return,num_frames_mean,num_frames_std,num_frames_min,num_frames_max,entropy,value,policy_loss,value_loss,grad_norm,return_mean,return_std,return_min,return_max
5,10240,299.97994037373104,43,0.5384615384615384,0.49851851526214314,0.0,1.0,0.04918942094241128,0.14497056738501618,52.43589743589744,26.524101156181086,1.0,76.0,1.3841362446546555,0.14371157623827457,0.008877573534846306,0.02331177145242691,0.1041005489338615,0.5384615384615384,0.49851851526214314,0.0,1.0
update,frames,FPS,duration,rreturn_mean,rreturn_std,rreturn_min,rreturn_max,average_reward_per_step,average_discounted_return,num_frames_mean,num_frames_std,num_frames_min,num_frames_max,entropy,value,policy_loss,value_loss,grad_norm,return_mean,return_std,return_min,return_max
10,20480,367.9226957262991,72,0.525,0.4993746088859545,0.0,1.0,0.058554970120516484,0.16098325094393737,52.275,27.254345983714227,1.0,76.0,1.3561585247516632,0.14494301564991474,0.0441147037781775,0.01925976586062461,0.10241474687541932,0.525,0.4993746088859545,0.0,1.0
update,frames,FPS,duration,rreturn_mean,rreturn_std,rreturn_min,rreturn_max,average_reward_per_step,average_discounted_return,num_frames_mean,num_frames_std,num_frames_min,num_frames_max,entropy,value,policy_loss,value_loss,grad_norm,return_mean,return_std,return_min,return_max
15,30720,382.26564887996426,98,0.5945945945945946,0.4909703276914851,0.0,1.0,0.02644033462410645,0.12059942245461326,54.270270270270274,24.382812564911433,6.0,76.0,1.3135365396738052,0.16028350219130516,0.0052631097787525505,0.02214582310989499,0.12817653391217898,0.5945945945945946,0.4909703276914851,0.0,1.0
update,frames,FPS,duration,rreturn_mean,rreturn_std,rreturn_min,rreturn_max,average_reward_per_step,average_discounted_return,num_frames_mean,num_frames_std,num_frames_min,num_frames_max,entropy,value,policy_loss,value_loss,grad_norm,return_mean,return_std,return_min,return_max
20,40960,378.7940310954785,125,0.6976744186046512,0.45926552693329065,0.0,1.0,0.028248007172969516,0.1175180656925106,51.883720930232556,22.93693000921661,5.0,76.0,1.2511229664087296,0.19410193338990211,-0.009952805354259908,0.02589819789864123,0.1215568231491079,0.6976744186046512,0.45926552693329065,0.0,1.0
25,51200,395.80696655977033,150,0.723404255319149,0.447314809396354,0.0,1.0,0.04404461984075717,0.18118090385168711,47.0,26.401966400009563,3.0,76.0,1.2568393647670746,0.21778317913413048,0.009416288085049018,0.025665179593488574,0.15159628606758263,0.723404255319149,0.447314809396354,0.0,1.0
30,61440,366.5791390215241,175,0.75,0.4330127018922193,0.0,1.0,0.035424785895265175,0.16047821629877881,44.63636363636363,24.201888458520703,3.0,76.0,1.1796356290578842,0.221748448908329,-0.005916002395679243,0.02143539907410741,0.14407141226984865,0.75,0.4330127018922193,0.0,1.0
35,71680,398.3135023787473,200,0.8,0.39999999999999997,0.0,1.0,0.06524758136670748,0.25402698495401865,39.2,26.424093688766835,2.0,76.0,1.0558050274848938,0.24177450127899647,-0.01020012068329379,0.02204463561065495,0.17528449931133183,0.8,0.39999999999999997,0.0,1.0
40,81920,335.6201360643305,228,0.972972972972973,0.16216216216216217,0.0,1.0,0.07843489139120323,0.32976998983475225,26.72972972972973,18.78635020383172,3.0,76.0,0.8339214622974396,0.39039044082164764,-0.022245891275815666,0.017905608052387834,0.17647913164148685,0.972972972972973,0.16216216216216217,0.0,1.0
45,92160,362.20455613791705,258,0.9782608695652174,0.1458305202717254,0.0,1.0,0.12690149089739347,0.4394513812585458,20.0,16.96415658662853,1.0,76.0,0.7647745311260223,0.42539186775684357,-0.015440640359884128,0.009849588386714458,0.13427729858635387,0.9782608695652174,0.1458305202717254,0.0,1.0
50,102400,349.66059632524673,287,0.9841269841269841,0.12498425196844144,0.0,1.0,0.1186350541233534,0.4929096816335067,16.88888888888889,15.34276222632959,2.0,76.0,0.6380293816328049,0.5400232374668121,0.001143000234151259,0.010549016180448234,0.14845745852849057,0.9841269841269841,0.12498425196844144,0.0,1.0
55,112640,382.5031397334685,315,0.9658119658119658,0.18171189423478035,0.0,1.0,0.11397565860459166,0.44958542269288665,18.555555555555557,16.0274574469167,1.0,76.0,0.6681853830814362,0.502145305275917,-0.005098925510537811,0.011141269118525088,0.1101897745461183,0.9658119658119658,0.18171189423478035,0.0,1.0
60,122880,340.57466095712755,341,0.991304347826087,0.09284415871331575,0.0,1.0,0.10364957325396869,0.43885727649712664,18.321739130434782,13.865533010709596,1.0,76.0,0.6134683936834335,0.5424081012606621,0.004027518269140273,0.012948712916113436,0.1590897886523953,0.991304347826087,0.09284415871331575,0.0,1.0
65,133120,346.92042340122487,368,0.9836065573770492,0.12698306053139075,0.0,1.0,0.12008087130800998,0.4701110740394844,16.991803278688526,13.70682246160968,1.0,76.0,0.6107900217175484,0.5448486655950546,-0.0016551441149204038,0.010604193434119225,0.16737441065320025,0.9836065573770492,0.12698306053139075,0.0,1.0
70,143360,392.0024588187785,394,0.9925373134328358,0.08606389996022983,0.0,1.0,0.13792546930998908,0.5015630098788584,15.343283582089553,12.905572369070368,1.0,76.0,0.5821621343493462,0.5685903802514076,-0.01259957707952708,0.008685245527885854,0.10966713884223733,0.9925373134328358,0.08606389996022983,0.0,1.0
75,153600,426.54266571432885,419,0.9831932773109243,0.12854671042670884,0.0,1.0,0.11300680263704667,0.4509981017071757,18.30252100840336,14.704115139915016,1.0,76.0,0.6409724354743958,0.555039219558239,-0.008993796276627108,0.010883419308811426,0.12453865300348982,0.9831932773109243,0.12854671042670884,0.0,1.0
80,163840,412.66974917463017,446,0.9777777777777777,0.14740554623801777,0.0,1.0,0.154683113050174,0.5039678206878389,15.511111111111111,13.183528818141424,1.0,76.0,0.6029613018035889,0.5471373423933983,-0.005904856894630939,0.0068362654419615865,0.11122936347870535,0.9777777777777777,0.14740554623801777,0.0,1.0
85,174080,355.14919364808145,472,0.9765625,0.15128841196122722,0.0,1.0,0.14437038288255344,0.5304604764554078,14.9609375,14.241994650367404,1.0,76.0,0.6576670780777931,0.5532825067639351,0.06438086740672588,0.013236776692792773,0.2594766322750041,0.9765625,0.15128841196122722,0.0,1.0
90,184320,358.6628143454026,498,0.9927007299270073,0.08512338532620876,0.0,1.0,0.12197150698661788,0.5067907559323354,14.664233576642335,11.206930449771958,1.0,76.0,0.5461493656039238,0.5977062284946442,0.0013145644043106586,0.008695920172613114,0.11535851260183988,0.9927007299270073,0.08512338532620876,0.0,1.0
95,194560,382.06761945597424,525,0.9777777777777777,0.1474055462380178,0.0,1.0,0.12804788124612596,0.5039141196589805,15.11111111111111,12.665302070744696,1.0,76.0,0.5900584012269974,0.5656630545854568,0.015425552090164274,0.008083655789960176,0.16407025448967383,0.9777777777777777,0.1474055462380178,0.0,1.0
100,204800,386.03428729618446,551,0.9849624060150376,0.1217023613251026,0.0,1.0,0.1277649628245827,0.5103838027171456,15.631578947368421,13.930803043858411,2.0,76.0,0.6352646425366402,0.5565525591373444,0.0020232651731930673,0.008271820144727826,0.12622335393770728,0.9849624060150376,0.1217023613251026,0.0,1.0
105,215040,467.87012741415197,577,0.9923664122137404,0.0870362919923006,0.0,1.0,0.13349073625292238,0.5020494910228694,15.274809160305344,12.344330487822653,1.0,76.0,0.5941338613629341,0.5759450793266296,0.0042957541008945554,0.007551919668912888,0.12488888828478606,0.9923664122137404,0.0870362919923006,0.0,1.0
110,225280,407.9658426928724,603,0.9868421052631579,0.11395071102426826,0.0,1.0,0.12764677462209506,0.5223969728093436,13.993421052631579,11.167679346247787,1.0,76.0,0.5248233824968338,0.6236207038164139,0.0007098588685039431,0.006620223575737327,0.10734601944924727,0.9868421052631579,0.11395071102426826,0.0,1.0
115,235520,387.5358932251533,628,0.993006993006993,0.0833312957189719,0.0,1.0,0.13911101746089966,0.5253749313316031,14.41958041958042,12.773668604365861,1.0,76.0,0.6301673427224159,0.5812177583575249,-0.016220358666032553,0.007836377597413957,0.09000488042078353,0.993006993006993,0.0833312957189719,0.0,1.0
120,245760,419.1534067281905,655,0.9878787878787879,0.10942709142586537,0.0,1.0,0.17207859478462562,0.5790222043056382,12.787878787878787,12.395887821951218,1.0,76.0,0.5912939831614494,0.6152252703905106,0.006533687264891341,0.009628058061935008,0.12764659011001706,0.9878787878787879,0.10942709142586537,0.0,1.0
125,256000,420.5031552907459,681,1.0,0.0,1.0,1.0,0.15687260369557515,0.5474075077543543,13.006410256410257,9.800900530885162,1.0,59.0,0.5903649851679802,0.6203084886074066,-0.009224065599482856,0.0077860295423306525,0.10858293677164782,1.0,0.0,1.0,1.0
130,266240,354.3491154095806,706,0.987012987012987,0.11321815437767983,0.0,1.0,0.15898388588334694,0.5615307954579324,13.37012987012987,12.430561050696054,1.0,76.0,0.6213410496711731,0.5908055752515793,0.005395380692789331,0.008588284545112401,0.11795806328126304,0.987012987012987,0.11321815437767983,0.0,1.0
135,276480,341.14130275667304,733,0.9938650306748467,0.07808541141937334,0.0,1.0,0.15412473027728935,0.5601360474623909,12.797546012269938,10.59468526862098,1.0,76.0,0.5850224792957306,0.6349614709615707,0.00918201170861721,0.00947192613966763,0.1572840446072724,0.9938650306748467,0.07808541141937334,0.0,1.0
140,286720,413.3827198066259,758,0.9935064935064936,0.0803202394600843,0.0,1.0,0.18224374543985344,0.573597193389613,13.487012987012987,13.709526980855042,1.0,76.0,0.6223854124546051,0.5778821483254433,0.014259485295042396,0.007679637405090034,0.16101711422768528,0.9935064935064936,0.0803202394600843,0.0,1.0
145,296960,413.57289121236136,784,0.9875,0.11110243021644485,0.0,1.0,0.16166966369455746,0.5718785723499298,12.5125,11.272747834933591,1.0,76.0,0.6295273452997208,0.5783043131232262,-0.00996999823837541,0.008410451526287943,0.12371983785968445,0.9875,0.11110243021644485,0.0,1.0
150,307200,348.1732153453548,811,1.0,0.0,1.0,1.0,0.13565985068838102,0.5493271504441491,13.36,11.632299858583426,2.0,70.0,0.6334191337227821,0.5966843888163567,-0.0042204774072160944,0.0077858855365775526,0.10949603784111145,1.0,0.0,1.0,1.0
155,317440,335.4681582446985,837,1.0,0.0,1.0,1.0,0.17250488643273829,0.6083460450794989,11.03954802259887,9.929902100621124,1.0,69.0,0.5621557086706161,0.6422240287065506,0.014869009959511459,0.010168540989980102,0.16474182064236595,1.0,0.0,1.0,1.0
160,327680,382.8563975390035,863,0.9873417721518988,0.11179444134592212,0.0,1.0,0.14781038546618927,0.5653423606352634,13.145569620253164,12.521286154146217,1.0,76.0,0.6060848981142044,0.5898905023932457,-0.006496385030914098,0.007363209209870547,0.10897619590228819,0.9873417721518988,0.11179444134592212,0.0,1.0
165,337920,434.0987405784948,888,0.9940828402366864,0.07669515619417586,0.0,1.0,0.14993939305468604,0.5743027163380727,12.076923076923077,10.227009141304771,1.0,76.0,0.5380329340696335,0.6455372646450996,0.010026367497630417,0.007516141573432833,0.18041815456536336,0.9940828402366864,0.07669515619417586,0.0,1.0
170,348160,345.0242244597689,916,1.0,0.0,1.0,1.0,0.14675115203470748,0.5758309313789939,11.628571428571428,8.418638214566244,1.0,48.0,0.5341115370392799,0.6567157432436943,-0.020541300531476736,0.00680291693424806,0.10158056175866323,1.0,0.0,1.0,1.0
175,358400,398.734983533141,941,0.9833333333333333,0.12801909579781015,0.0,1.0,0.16579370982552621,0.6000992670956223,11.85,12.386136963916107,1.0,76.0,0.5722150802612305,0.614984504878521,-0.018272542161867023,0.006263077259063721,0.09938783023452608,0.9833333333333333,0.12801909579781015,0.0,1.0
180,368640,421.80898664259735,967,1.0,0.0,1.0,1.0,0.14833302696551204,0.5622328175931516,12.9,11.169825423881969,1.0,59.0,0.6177625581622124,0.6196011826395988,-0.000927650457015261,0.007279095298144966,0.1114006069698146,1.0,0.0,1.0,1.0
185,378880,363.96100172660346,993,0.9888888888888889,0.1048220125784067,0.0,1.0,0.17105852010540343,0.616267469704358,10.777777777777779,10.353504804093882,1.0,76.0,0.5807810425758362,0.6347039118409157,0.02791917184367776,0.007711999875027686,0.13351074966548945,0.9888888888888889,0.1048220125784067,0.0,1.0
190,389120,398.2316983440992,1019,0.9947643979057592,0.07216779451356137,0.0,1.0,0.1612352263076924,0.6078060407344893,10.654450261780104,8.806587764200913,1.0,76.0,0.546570897102356,0.6641293242573738,0.011902119207661599,0.006337907223496586,0.12625216388154897,0.9947643979057592,0.07216779451356137,0.0,1.0
195,399360,370.50867354900754,1045,0.9944444444444445,0.07432826755699806,0.0,1.0,0.1616651251795046,0.6041980022999603,11.416666666666666,10.97212376889725,1.0,76.0,0.6056456714868546,0.6352379471063614,-0.0034458941154298373,0.007695458829402924,0.10838829147735381,0.9944444444444445,0.07432826755699806,0.0,1.0
200,409600,371.26023634718985,1071,0.9946808510638298,0.0727382677190284,0.0,1.0,0.17162758522040822,0.5911965327633615,11.420212765957446,9.55103959794635,1.0,76.0,0.5882074311375618,0.6610128730535507,-0.0017173658998217434,0.00787029298953712,0.11993601674404047,0.9946808510638298,0.0727382677190284,0.0,1.0
205,419840,410.8034277239906,1097,1.0,0.0,1.0,1.0,0.16776192093630177,0.6172157591618509,10.3659793814433,8.442960669430734,1.0,59.0,0.5490490347146988,0.6638447269797325,-0.012953527868376113,0.006932721415068954,0.12899214004882179,1.0,0.0,1.0,1.0
210,430080,398.6768372888116,1123,1.0,0.0,1.0,1.0,0.17008722055260284,0.6048297630287175,11.238095238095237,9.870667816534443,1.0,54.0,0.5437232926487923,0.6564873084425926,-0.00815847801277414,0.00687536271288991,0.11010213468894911,1.0,0.0,1.0,1.0
215,440320,397.19840248268,1149,0.9835164835164835,0.1273256068819392,0.0,1.0,0.17034405333432692,0.6084655458013232,11.406593406593407,11.771149329058295,1.0,76.0,0.5686721801757812,0.6208784654736519,0.020005048718303442,0.0073946688789874315,0.11765694208473398,0.9835164835164835,0.1273256068819392,0.0,1.0
220,450560,423.1018622780638,1176,0.9947368421052631,0.07235645834140798,0.0,1.0,0.17847316586878717,0.6209747343575622,10.742105263157894,10.289075237944251,1.0,76.0,0.5456427335739136,0.6554369330406189,0.022144190734252334,0.008464287500828505,0.10753949601474963,0.9947368421052631,0.07235645834140798,0.0,1.0
225,460800,313.3539518155717,1203,1.0,0.0,1.0,1.0,0.1689508217837456,0.6292410958900351,9.58173076923077,6.5737716668222355,1.0,38.0,0.5394431203603745,0.6914107948541641,-0.004878637118963525,0.0071833772817626595,0.09618023162241641,1.0,0.0,1.0,1.0
230,471040,393.4805138170887,1228,0.9947368421052631,0.07235645834140798,0.0,1.0,0.17444896184228675,0.6120926402135748,10.973684210526315,10.335648178450061,1.0,76.0,0.5497628599405289,0.6560629159212112,-0.0007322876481339335,0.006314445927273482,0.10748007084407371,0.9947368421052631,0.07235645834140798,0.0,1.0
235,481280,353.9148072367106,1254,0.9896373056994818,0.1012684988895962,0.0,1.0,0.1545472275449912,0.5995528901573985,11.067357512953368,9.714612771871952,1.0,76.0,0.5343277454376221,0.6678845211863518,0.007218355778604746,0.005886598955839872,0.10266118776345977,0.9896373056994818,0.1012684988895962,0.0,1.0
240,491520,424.1091648515989,1279,1.0,0.0,1.0,1.0,0.17621027590870159,0.6298910164581984,10.072815533980583,8.534313312929978,1.0,54.0,0.5392109081149101,0.6868593841791153,0.015287665999494493,0.0052011096267960966,0.11972885424211809,1.0,0.0,1.0,1.0
245,501760,418.8626447744659,1304,0.9949748743718593,0.07070978532397132,0.0,1.0,0.16213446818845934,0.6172382976659001,10.28643216080402,8.653193376565211,1.0,76.0,0.529803916811943,0.6632902696728706,-0.003205554618034512,0.007071734347846359,0.11627171979636435,0.9949748743718593,0.07070978532397132,0.0,1.0
250,512000,423.86768200937905,1330,0.9895287958115183,0.10179173871844806,0.0,1.0,0.1616237596190049,0.6093089266494756,10.916230366492147,10.421147369240774,1.0,76.0,0.5738452821969986,0.6438571065664291,-0.014502098056254908,0.007028119231108576,0.09461083496051947,0.9895287958115183,0.10179173871844806,0.0,1.0
255,522240,410.19874504970153,1356,1.0,0.0,1.0,1.0,0.16885803682421288,0.6232108079504257,9.74757281553398,6.395111067455064,1.0,36.0,0.5486684218049049,0.6970732659101486,0.02120063256006688,0.005690126039553434,0.10160610456312472,1.0,0.0,1.0,1.0
260,532480,345.0802487215965,1381,0.9897435897435898,0.10075324463788975,0.0,1.0,0.1852718062514949,0.6245654493857277,10.353846153846154,9.84874965782384,1.0,76.0,0.565526194870472,0.6498353332281113,0.008094648772384971,0.0066622241283766925,0.11159502016894668,0.9897435897435898,0.10075324463788975,0.0,1.0
265,542720,412.64296720126356,1407,0.9897435897435898,0.10075324463788973,0.0,1.0,0.18880260352654474,0.6328479057081016,10.235897435897435,9.890463865595995,1.0,76.0,0.5963974520564079,0.643991120159626,0.034279194893315434,0.007151451020035893,0.13972444128915978,0.9897435897435898,0.10075324463788973,0.0,1.0
270,552960,480.37408575139773,1432,1.0,0.0,1.0,1.0,0.16761462161778282,0.5980948499826193,11.242937853107344,9.538667566261054,1.0,71.0,0.5736444145441055,0.6409698352217674,0.021397144650109112,0.007220101309940219,0.13776527691718732,1.0,0.0,1.0,1.0
275,563200,324.54456650452414,1458,0.9952380952380953,0.06884205854667125,0.0,1.0,0.19413580139213824,0.6311232870184853,10.380952380952381,10.088070231601902,1.0,76.0,0.5135234259068966,0.6771563962101936,-0.0008797771006356925,0.006381328450515866,0.10905400007823211,0.9952380952380953,0.06884205854667125,0.0,1.0
280,573440,410.5911818108729,1484,0.9950738916256158,0.07001315469729999,0.0,1.0,0.17707401745312454,0.618157385558168,10.556650246305418,9.522619822640161,1.0,76.0,0.6035615280270576,0.6696408689022064,0.0007680069611524232,0.007423221250064671,0.10908898670697371,0.9950738916256158,0.07001315469729999,0.0,1.0
285,583680,408.457647992608,1509,0.9954337899543378,0.06741928338006117,0.0,1.0,0.19421729834812224,0.6570861146590201,9.08675799086758,8.347846247863053,1.0,76.0,0.5453353151679039,0.6990185156464577,0.009697404748294502,0.008079060295131058,0.1417607210795845,0.9954337899543378,0.06741928338006117,0.0,1.0
290,593920,369.4357654477043,1536,1.0,0.0,1.0,1.0,0.16849842886780028,0.6046912880052543,10.596858638743456,7.916434663144042,1.0,58.0,0.559051439166069,0.6793651506304741,0.0018103274633176625,0.007510686002206057,0.10907738273680016,1.0,0.0,1.0,1.0
295,604160,409.99542042606055,1562,1.0,0.0,1.0,1.0,0.19258461554229628,0.6412963243004713,9.399014778325123,7.109516207465533,1.0,46.0,0.5491682887077332,0.6660913154482841,-0.007606366707477719,0.0056234466610476375,0.10695339108660305,1.0,0.0,1.0,1.0
300,614400,406.0469305903575,1588,1.0,0.0,1.0,1.0,0.16913047325552746,0.6383119484893501,9.279816513761467,6.3959316171091505,1.0,49.0,0.5409499034285545,0.7115094363689423,-0.00862973950279411,0.005636308167595416,0.09092994423957998,1.0,0.0,1.0,1.0
305,624640,387.6152156420491,1614,0.9948979591836735,0.07124612267229052,0.0,1.0,0.16332779449673893,0.6146419357686541,10.505102040816327,9.33803799312341,1.0,76.0,0.5898636355996132,0.6698821410536766,-0.007468478754162788,0.005878940166439861,0.09617124565829288,0.9948979591836735,0.07124612267229052,0.0,1.0
310,634880,339.2532994609307,1640,1.0,0.0,1.0,1.0,0.16066260720285486,0.6287361256131844,9.581395348837209,7.018356523115633,1.0,70.0,0.5357571095228195,0.7099383249878883,0.00018945991178043187,0.0051012898911722004,0.08596221153327085,1.0,0.0,1.0,1.0
315,645120,405.7698259512895,1665,1.0,0.0,1.0,1.0,0.17710242256852152,0.6441894893859736,9.089686098654708,6.299763778768383,1.0,49.0,0.5182006098330021,0.7122747004032135,-0.0068935740418965,0.005065914359875023,0.10085824180730182,1.0,0.0,1.0,1.0
320,655360,491.17036451008073,1691,0.9948453608247423,0.07161053602809175,0.0,1.0,0.16357451993396416,0.6073667520640216,10.644329896907216,8.674663534544713,1.0,76.0,0.5714871138334274,0.6713154166936874,-0.001511642403784208,0.0056558866635896266,0.0986213289617742,0.9948453608247423,0.07161053602809175,0.0,1.0
325,665600,383.2077270255404,1717,1.0,0.0,1.0,1.0,0.1782631188666686,0.6381143301263901,9.631336405529954,7.750875351915595,1.0,61.0,0.5497883558273315,0.7007455751299858,-0.002015919773839414,0.005437058745883405,0.10103860197465539,1.0,0.0,1.0,1.0
330,675840,363.4993511973819,1743,0.9951923076923077,0.06917064697085652,0.0,1.0,0.18903821389422948,0.6543193978720547,9.211538461538462,8.24408071672672,1.0,76.0,0.59970723092556,0.6570961326360703,-0.0012746272695949301,0.00664345920085907,0.12301575225257172,0.9951923076923077,0.06917064697085652,0.0,1.0
335,686080,402.1374678310984,1768,0.9954128440366973,0.06757302689291851,0.0,1.0,0.20370514764038605,0.6525237973933554,9.490825688073395,9.369695845419445,1.0,76.0,0.5551121234893799,0.6873475909233093,0.0029490795568563044,0.00561762775760144,0.1208993176882604,0.9954128440366973,0.06757302689291851,0.0,1.0
340,696320,418.22465505210465,1796,1.0,0.0,1.0,1.0,0.15997228879814385,0.6034350780388921,11.12087912087912,9.732504917769075,1.0,60.0,0.5733563750982285,0.6489228457212448,0.012910155521240085,0.006100110185798258,0.11278650447957149,1.0,0.0,1.0,1.0
345,706560,413.6508015207441,1820,1.0,0.0,1.0,1.0,0.18192408479086794,0.6355881933730128,9.60377358490566,7.295228791377795,1.0,44.0,0.5578658357262611,0.6998613178730011,0.0003002141311299056,0.006418332457542419,0.10783374252736189,1.0,0.0,1.0,1.0
350,716800,370.6583491277855,1847,1.0,0.0,1.0,1.0,0.15706461850612796,0.6015277606463822,10.403061224489797,6.843423091443087,1.0,49.0,0.5645336881279945,0.6967052146792412,0.0016186722859856673,0.006035606958903372,0.1056790482980558,1.0,0.0,1.0,1.0
355,727040,456.6909881900619,1873,0.9953488372093023,0.06804064575966416,0.0,1.0,0.18752697157024878,0.6340271182462548,9.953488372093023,9.060400649214328,1.0,76.0,0.5338592194020748,0.693724125623703,0.004549171047983691,0.006537706067319959,0.11683590200757502,0.9953488372093023,0.06804064575966416,0.0,1.0
360,737280,411.38044005686385,1899,1.0,0.0,1.0,1.0,0.20605977755758872,0.6526098853195864,8.878260869565217,6.049287167616933,1.0,38.0,0.4800611734390259,0.7238752096891403,-0.0224296438973397,0.005017631861846894,0.0811051518445936,1.0,0.0,1.0,1.0
365,747520,441.2249521133732,1925,0.9955555555555555,0.06651835354264785,0.0,1.0,0.18985151913729278,0.6531827735207085,9.697777777777778,10.063674806813063,1.0,76.0,0.5339487344026566,0.69139064848423,-0.010640925640473142,0.006507661484647542,0.09461236786282133,0.9955555555555555,0.06651835354264785,0.0,1.0
370,757760,405.5553188512943,1949,0.995049504950495,0.07018538058791002,0.0,1.0,0.18658877522438333,0.6268935298267386,10.138613861386139,8.782892578132547,1.0,76.0,0.5583896264433861,0.6686237454414368,0.009049749482073821,0.00729873072123155,0.17850841386357996,0.995049504950495,0.07018538058791002,0.0,1.0
375,768000,409.0990704045811,1975,1.0,0.0,1.0,1.0,0.18400789444774013,0.6277228245424499,10.532338308457712,10.17020323473411,1.0,70.0,0.5703108981251717,0.6737782508134842,0.010680866020265967,0.006272993632592261,0.1009925077300574,1.0,0.0,1.0,1.0
380,778240,316.69659239982855,2002,0.9948717948717949,0.0714276321906878,0.0,1.0,0.17167358349293496,0.6102017074310401,10.497435897435897,8.428507401380248,1.0,76.0,0.5612321421504021,0.6802433282136917,0.0069203508901409805,0.008133011346217245,0.1270596847949853,0.9948717948717949,0.0714276321906878,0.0,1.0
385,788480,410.6642620075153,2028,0.9947916666666666,0.07198059875565238,0.0,1.0,0.1829865400917879,0.6117484497976625,10.84375,9.771160930897619,1.0,76.0,0.5888751745223999,0.6612869575619698,0.008168664877302945,0.0057121244026347995,0.09425575790492258,0.9947916666666666,0.07198059875565238,0.0,1.0
390,798720,397.6357661976473,2054,1.0,0.0,1.0,1.0,0.19237987313356975,0.6442921272257246,9.342465753424657,7.161960353970195,1.0,46.0,0.5261079743504524,0.7007155641913414,-0.0015283721586456522,0.005329594132490456,0.10200614407719175,1.0,0.0,1.0,1.0
395,808960,416.0929606222899,2080,0.9955555555555555,0.06651835354264785,0.0,1.0,0.17542045007927212,0.6435053961205535,9.20888888888889,7.199747595027118,1.0,76.0,0.5090539753437042,0.7166039273142815,0.003813841671217233,0.004339973442256451,0.10718949775039355,0.9955555555555555,0.06651835354264785,0.0,1.0
400,819200,320.5116954824671,2107,0.9955555555555555,0.06651835354264786,0.0,1.0,0.18492218860119652,0.6488674907075309,9.053333333333333,7.213370301815311,1.0,76.0,0.5202402845025063,0.7172176763415337,0.016659912187606096,0.006163145357277244,0.09846014935227188,0.9955555555555555,0.06651835354264786,0.0,1.0
405,829440,601.2996004722232,2130,1.0,0.0,1.0,1.0,0.16479922885310155,0.6094773811045439,10.455,8.170555366681018,1.0,59.0,0.5377607345581055,0.6910753473639488,-0.00853598045068793,0.006348746363073587,0.09778864650204364,1.0,0.0,1.0,1.0
410,839680,390.5424444896974,2152,0.9950980392156863,0.0698421904351716,0.0,1.0,0.16407951303644916,0.6324772797748482,9.936274509803921,8.988601597008426,2.0,76.0,0.517333023250103,0.683672584593296,0.015976115479134023,0.006184850994031876,0.10353405848194482,0.9950980392156863,0.0698421904351716,0.0,1.0
415,849920,469.06836917392445,2174,1.0,0.0,1.0,1.0,0.18727531889881716,0.6435210041557233,9.254464285714286,6.693712246697017,1.0,41.0,0.5089303329586983,0.7186896651983261,-0.012129763374105096,0.004947422363329679,0.09069307546148325,1.0,0.0,1.0,1.0
420,860160,381.776720251667,2201,0.9953051643192489,0.06835783933596733,0.0,1.0,0.1781093189558924,0.6337973001989922,9.63849765258216,7.738436570771492,1.0,76.0,0.5440497919917107,0.6985680237412453,0.007579860859550536,0.005282361293211579,0.11153625759603578,0.9953051643192489,0.06835783933596733,0.0,1.0
425,870400,426.0596425545659,2226,0.9903381642512077,0.09781863155225401,0.0,1.0,0.18150175844380434,0.6332500449140765,10.130434782608695,9.875915724891895,1.0,76.0,0.586505725979805,0.6660171672701836,0.007326259335968643,0.0067755915224552155,0.10664322292327037,0.9903381642512077,0.09781863155225401,0.0,1.0
430,880640,418.30339099081584,2251,1.0,0.0,1.0,1.0,0.18373406649789745,0.6270416091299189,10.107317073170732,8.734467474906316,1.0,74.0,0.558632418513298,0.6837803050875664,-0.0030749282450415194,0.005986018280964345,0.09357748483393546,1.0,0.0,1.0,1.0
435,890880,369.94299225521246,2278,1.0,0.0,1.0,1.0,0.17854566419932608,0.6423807776049052,9.118721461187215,6.077472904435798,1.0,47.0,0.5367201119661331,0.7022693082690239,0.004657433630200103,0.005225399218033999,0.10782945444385153,1.0,0.0,1.0,1.0
440,901120,454.16903073404796,2304,0.9948979591836735,0.07124612267229052,0.0,1.0,0.15747379288771213,0.6159243471929896,10.295918367346939,8.522729733822672,2.0,76.0,0.5886900946497917,0.6782671138644218,0.014480740879662335,0.0053398822783492506,0.11561190059798847,0.9948979591836735,0.07124612267229052,0.0,1.0
445,911360,406.35843641544284,2330,0.9950248756218906,0.07035888370015399,0.0,1.0,0.1733412497144534,0.6337735938623755,10.218905472636816,10.096639547160898,1.0,76.0,0.5422233566641808,0.662926621735096,0.020627002813853323,0.007539770856965333,0.13723904095033052,0.9950248756218906,0.07035888370015399,0.0,1.0
450,921600,387.0492859877584,2356,0.988950276243094,0.1045352924222348,0.0,1.0,0.16154451123631747,0.6031732345753358,10.900552486187845,9.85031899103505,1.0,76.0,0.592400312423706,0.6374112889170647,0.034007499227300286,0.007784543093293905,0.18111714090076686,0.988950276243094,0.1045352924222348,0.0,1.0
455,931840,387.2213542257148,2384,1.0,0.0,1.0,1.0,0.1886663492469391,0.6577307567872445,8.595744680851064,5.447855617436016,1.0,26.0,0.49475856870412827,0.7263630107045174,-0.015190164791420102,0.004993898153770715,0.07683136271467306,1.0,0.0,1.0,1.0
460,942080,377.04483492267644,2409,1.0,0.0,1.0,1.0,0.16511487471159375,0.6465623599798974,9.074561403508772,7.063537598408062,2.0,65.0,0.51577153429389,0.7277726158499718,0.0024500701838405803,0.004710711946245283,0.08773471948373403,1.0,0.0,1.0,1.0
465,952320,388.8660945930542,2436,0.9953917050691244,0.06772782698939661,0.0,1.0,0.19120983324387458,0.641268373771877,9.534562211981568,7.985583433957213,1.0,76.0,0.5358801931142807,0.6902520582079887,0.003048914615646936,0.005889939842745662,0.08312776198711992,0.9953917050691244,0.06772782698939661,0.0,1.0
470,962560,417.22418451843635,2462,1.0,0.0,1.0,1.0,0.18939626270562,0.6420084646150828,9.18918918918919,6.466146789049935,1.0,58.0,0.5263692438602448,0.7188299372792244,0.004143263948208187,0.005000632721930742,0.09010926800558816,1.0,0.0,1.0,1.0
475,972800,409.86908290545665,2488,0.9953271028037384,0.06819868934264683,0.0,1.0,0.17341483870318597,0.6409301897360411,9.485981308411215,7.935916798889903,1.0,76.0,0.5213468670845032,0.7073563411831856,0.02442720381077379,0.0069678580039180815,0.14115925642680768,0.9953271028037384,0.06819868934264683,0.0,1.0
480,983040,412.4207574532176,2515,1.0,0.0,1.0,1.0,0.20255938342075194,0.6529230722611273,9.09009009009009,7.1168491225629635,1.0,51.0,0.521397914737463,0.7106840759515762,0.004532274499069899,0.0046135084121488035,0.10084601049180655,1.0,0.0,1.0,1.0
485,993280,375.7924717301508,2542,0.9950980392156863,0.06984219043517159,0.0,1.0,0.16475556394671714,0.6184344230923193,10.186274509803921,8.424672440431493,1.0,76.0,0.5396919623017311,0.6851622834801674,0.005395274281909224,0.005260705016553402,0.092376673157318,0.9950980392156863,0.06984219043517159,0.0,1.0
490,1003520,395.1075557190989,2567,0.9953271028037384,0.06819868934264683,0.0,1.0,0.17479245114604489,0.6330160071797832,9.75233644859813,8.291949093829075,1.0,76.0,0.5401768833398819,0.703062392771244,0.010378156235674396,0.004865696420893073,0.1211139684895546,0.9953271028037384,0.06819868934264683,0.0,1.0
495,1013760,410.21420087372945,2595,1.0,0.0,1.0,1.0,0.182301022131668,0.6508015812645483,8.87719298245614,6.171013665882791,1.0,47.0,0.4929015263915062,0.7184283211827278,-0.006448371772421524,0.004751080414280295,0.145876672289383,1.0,0.0,1.0,1.0
500,1024000,436.6499065363837,2620,1.0,0.0,1.0,1.0,0.1770090887289617,0.6439798713647369,9.026785714285714,5.874368995640194,1.0,38.0,0.5058840364217758,0.718080684542656,-0.006579163979040459,0.0041325464262627065,0.07447802628431653,1.0,0.0,1.0,1.0
505,1034240,439.91959048551666,2646,1.0,0.0,1.0,1.0,0.17682892848853446,0.6545800389289307,8.748936170212765,6.1159669766730715,1.0,56.0,0.5205380395054817,0.7294137626886368,-0.005043991048296448,0.004119253921089694,0.0680233764800768,1.0,0.0,1.0,1.0
510,1044480,411.38294215179053,2671,0.9950248756218906,0.07035888370015397,0.0,1.0,0.1716408404915662,0.6284124258006214,10.253731343283581,9.605672997701351,1.0,76.0,0.5689574182033539,0.678364172577858,0.01440365516464226,0.007066788908559829,0.14084641975059753,0.9950248756218906,0.07035888370015397,0.0,1.0
515,1054720,415.6467361006842,2698,1.0,0.0,1.0,1.0,0.17766083623659853,0.6345435970676709,9.55045871559633,7.002602712114149,1.0,52.0,0.5369927994906902,0.712819330394268,-0.010796592599945143,0.0053297291160561144,0.08240176988280995,1.0,0.0,1.0,1.0
520,1064960,386.34634391913886,2724,0.9897435897435898,0.10075324463788973,0.0,1.0,0.18992225383129252,0.6364529674513425,10.374358974358975,11.109171954388097,1.0,76.0,0.6051915287971497,0.6397401168942451,0.014443783788010478,0.007333936111535877,0.08994392444440008,0.9897435897435898,0.10075324463788973,0.0,1.0
525,1075200,396.1233200773198,2751,1.0,0.0,1.0,1.0,0.18259992871650535,0.6548387438669114,8.866952789699571,6.518009233084751,1.0,48.0,0.5203853771090508,0.7119459211826324,-0.016399919404648244,0.005388197605498135,0.08854223595918088,1.0,0.0,1.0,1.0
530,1085440,315.3073869228074,2778,1.0,0.0,1.0,1.0,0.18506189735866357,0.6552830963341277,8.933333333333334,7.049034606872695,1.0,67.0,0.5346266478300095,0.7118654921650887,-0.007010336616076529,0.004296115250326693,0.0707142321424946,1.0,0.0,1.0,1.0
535,1095680,395.0229939163236,2802,0.9896907216494846,0.10100988630033723,0.0,1.0,0.1773522785245345,0.6371232104105042,10.257731958762887,10.68844481615299,1.0,76.0,0.5858216285705566,0.638922706246376,0.0022601187811233103,0.0057873137993738055,0.1300905602417358,0.9896907216494846,0.10100988630033723,0.0,1.0
540,1105920,403.8124411846697,2828,1.0,0.0,1.0,1.0,0.1978450085251343,0.6574713661721486,8.878260869565217,6.714873595996274,1.0,46.0,0.5287502408027649,0.7088793218135834,-0.0006619247142225504,0.004737085255328566,0.10136244816266246,1.0,0.0,1.0,1.0
545,1116160,433.24997412585225,2854,0.9949748743718593,0.07070978532397132,0.0,1.0,0.17986517791671777,0.62517125014526,10.56281407035176,10.317318421842542,1.0,76.0,0.6030093804001808,0.6733070090413094,0.030095241032540798,0.009603776852600276,0.1515593273673962,0.9949748743718593,0.07070978532397132,0.0,1.0
550,1126400,402.48974800670004,2880,0.9956709956709957,0.0656526012471996,0.0,1.0,0.20051583153257022,0.6665106669205821,8.978354978354979,8.82168024332943,1.0,76.0,0.5277673602104187,0.7012932822108269,0.019876111997291446,0.005411885387729853,0.11464803487430725,0.9956709956709957,0.0656526012471996,0.0,1.0
555,1136640,404.02271368084473,2906,1.0,0.0,1.0,1.0,0.20493213261283605,0.6641584359279563,8.767543859649123,7.167996558950692,1.0,63.0,0.5551005750894547,0.6927918940782547,-0.006712496280670166,0.006098726356867701,0.08531453189832137,1.0,0.0,1.0,1.0
560,1146880,387.3854342598981,2932,1.0,0.0,1.0,1.0,0.18406310584487284,0.6240002935066872,10.430693069306932,9.523168648292089,1.0,73.0,0.5535661578178406,0.6767197102308273,0.00977881599101238,0.006976057658903301,0.10692845162508417,1.0,0.0,1.0,1.0
565,1157120,320.094377210657,2960,1.0,0.0,1.0,1.0,0.15919086284447692,0.6251706596990518,10.142156862745098,9.053998534658051,2.0,71.0,0.5723376795649529,0.683644212782383,0.013887340377550572,0.004821960756089538,0.08902347863536669,1.0,0.0,1.0,1.0
570,1167360,378.0397373400393,2987,1.0,0.0,1.0,1.0,0.15946410471281927,0.615143262347167,10.05940594059406,6.9671389672998245,1.0,44.0,0.5228117145597935,0.6988223046064377,-0.0036116297414992005,0.0047661723219789565,0.0900992925135854,1.0,0.0,1.0,1.0
575,1177600,361.71152044384655,3014,0.995049504950495,0.07018538058791002,0.0,1.0,0.16455627416494414,0.6254193915104458,9.935643564356436,8.215586299783556,1.0,76.0,0.48064789175987244,0.6901210471987724,-0.004400936799356714,0.006703484687022865,0.08446481362194251,0.995049504950495,0.07018538058791002,0.0,1.0
580,1187840,388.8206112885939,3042,0.9862385321100917,0.11649931283669994,0.0,1.0,0.18687820858094525,0.6574151064875705,9.545871559633028,10.663760392482274,1.0,76.0,0.531576007604599,0.6781725585460663,0.01285672769881785,0.0055752745247446,0.08740718627924017,0.9862385321100917,0.11649931283669994,0.0,1.0
585,1198080,405.1565641122223,3068,1.0,0.0,1.0,1.0,0.1757991873253455,0.6475977568580956,8.903508771929825,5.749857814024796,1.0,39.0,0.4834025800228119,0.7173109799623489,-0.01342660712543875,0.00472843658644706,0.08023717495311733,1.0,0.0,1.0,1.0
590,1208320,404.25407434971424,3094,1.0,0.0,1.0,1.0,0.16933207564790306,0.6282596355600684,9.757142857142858,7.424096637595294,1.0,61.0,0.545694150030613,0.6889769658446312,-0.0019643339910544455,0.005302234727423638,0.08332435485800699,1.0,0.0,1.0,1.0
595,1218560,393.2421077333183,3120,1.0,0.0,1.0,1.0,0.16982459840731334,0.6318753814880124,9.566666666666666,7.022266174264702,1.0,59.0,0.5331804640591145,0.7036466374993324,0.007590639536829258,0.005152865895070136,0.08964876309848535,1.0,0.0,1.0,1.0
600,1228800,412.76344404559694,3149,1.0,0.0,1.0,1.0,0.17956197503932084,0.642639677386323,9.295964125560538,7.170713471739077,1.0,68.0,0.5350083038210869,0.7109496966004372,0.012768765969667584,0.0044727069907821715,0.08112558815084522,1.0,0.0,1.0,1.0
605,1239040,400.99682276454354,3175,1.0,0.0,1.0,1.0,0.1920594190342824,0.6602759700923373,8.676595744680851,6.3364602765722156,1.0,58.0,0.5392348542809486,0.720062643289566,-0.01469694054685533,0.004113859205972403,0.06644451518616604,1.0,0.0,1.0,1.0
610,1249280,397.4080742554545,3202,0.995575221238938,0.0663716814159292,0.0,1.0,0.19653314475026376,0.6595668498097762,9.035398230088495,7.948873358739036,1.0,76.0,0.5278869345784187,0.7047325447201729,0.017166160512715578,0.005156564875505865,0.10517991471919655,0.995575221238938,0.0663716814159292,0.0,1.0
615,1259520,368.73560936083896,3228,0.9953488372093023,0.06804064575966416,0.0,1.0,0.18065345511845143,0.6508796102650044,9.232558139534884,8.114406394206586,1.0,76.0,0.5378908254206181,0.686582013964653,0.0033238424489354657,0.005240434547886252,0.09332396697701376,0.9953488372093023,0.06804064575966416,0.0,1.0
620,1269760,364.4150759198199,3258,0.9951923076923077,0.06917064697085652,0.0,1.0,0.1856159615988927,0.6364254677228056,9.908653846153847,9.088048053275195,1.0,76.0,0.5461642369627953,0.6761163920164108,0.001957586922799237,0.005720806890167296,0.08492538878154111,0.9951923076923077,0.06917064697085652,0.0,1.0
625,1280000,407.0274507752463,3284,1.0,0.0,1.0,1.0,0.1829775383423456,0.6364979671081256,9.524038461538462,7.4562440946176585,1.0,64.0,0.55485849827528,0.6941913962364197,0.027177718002349138,0.00551104178884998,0.11216146769193963,1.0,0.0,1.0,1.0
630,1290240,413.4328380219413,3311,0.9907407407407407,0.09577852252582038,0.0,1.0,0.1705244510436038,0.6456798556422927,9.453703703703704,8.896924415794295,1.0,76.0,0.5566874146461487,0.6876135393977165,0.008800064562819898,0.005489450762979686,0.09770736736055172,0.9907407407407407,0.09577852252582038,0.0,1.0
635,1300480,364.28892156723464,3339,1.0,0.0,1.0,1.0,0.18547569154712418,0.6457897248558275,9.469026548672566,8.214029436480367,1.0,68.0,0.5436323285102844,0.7167922779917717,-0.0014565458404831588,0.00594265473773703,0.10275878127314439,1.0,0.0,1.0,1.0
640,1310720,403.2574716221238,3365,0.9906976744186047,0.09599891832814093,0.0,1.0,0.20386842052360352,0.6652876794431677,9.409302325581395,10.493404660724542,1.0,76.0,0.5577020645141602,0.6593167409300804,0.010343915200792253,0.005374969623517245,0.08044294968559455,0.9906976744186047,0.09599891832814093,0.0,1.0
645,1320960,376.1978463626077,3392,0.9895833333333334,0.1015291077584267,0.0,1.0,0.18884684380739966,0.629921386157336,10.833333333333334,11.753250141509321,1.0,76.0,0.5885376185178757,0.6437205821275711,0.022559592500329018,0.008603800961282104,0.14222760637072762,0.9895833333333334,0.1015291077584267,0.0,1.0
650,1331200,304.9241576849726,3419,1.0,0.0,1.0,1.0,0.16440747266573308,0.6250388067857189,9.91044776119403,8.111900250259287,1.0,71.0,0.5322179347276688,0.6866278573870659,0.0034125878009945154,0.005203317967243493,0.07401854572247826,1.0,0.0,1.0,1.0
655,1341440,369.2365493494209,3445,1.0,0.0,1.0,1.0,0.1754937133504013,0.6342131497619531,9.509900990099009,6.904038206336454,1.0,44.0,0.55575892329216,0.686820775270462,0.01739894214551896,0.004479738010559231,0.08869378445746898,1.0,0.0,1.0,1.0
660,1351680,408.687292226247,3471,0.9903381642512077,0.09781863155225404,0.0,1.0,0.18216663445481437,0.6364364808680361,9.922705314009661,9.333530868775094,1.0,76.0,0.552309200167656,0.666395366191864,0.004022668945253827,0.0056246204767376184,0.08462204447503652,0.9903381642512077,0.09781863155225404,0.0,1.0
665,1361920,408.12451398841984,3499,0.9958333333333333,0.06441510347391793,0.0,1.0,0.18040245446994094,0.6621304026692304,8.779166666666667,7.985741416563788,1.0,76.0,0.5128174908459187,0.7326412871479988,0.009410375074367039,0.00606287585105747,0.10423453509372439,0.9958333333333333,0.06441510347391793,0.0,1.0
670,1372160,406.45615288924387,3524,0.9950248756218906,0.07035888370015397,0.0,1.0,0.16851311294382093,0.628791925348102,10.049751243781095,9.14762902907323,1.0,76.0,0.580670677125454,0.6823827847838402,0.01348259138467256,0.00592667720047757,0.09489172680736258,0.9950248756218906,0.07035888370015397,0.0,1.0
675,1382400,409.46719151322014,3552,1.0,0.0,1.0,1.0,0.20047640330834873,0.6466495755257456,9.504464285714286,8.320047737595461,1.0,65.0,0.5606397017836571,0.7105176597833633,0.006011895486153662,0.004704935126937926,0.08523240223145924,1.0,0.0,1.0,1.0
680,1392640,458.725796996749,3577,0.9856459330143541,0.11894548224551246,0.0,1.0,0.18877954605792735,0.6428156150896165,10.191387559808613,11.371151380603935,1.0,76.0,0.5479255989193916,0.6685806587338448,0.015959517331793904,0.004973245377186686,0.15119932056571517,0.9856459330143541,0.11894548224551246,0.0,1.0
685,1402880,362.06461996455533,3605,0.9956896551724138,0.06551156962745976,0.0,1.0,0.18788749904113525,0.6552914024375686,9.064655172413794,7.801975372216971,1.0,76.0,0.5190516039729118,0.7177916318178177,-0.005258376317215152,0.0042001921974588186,0.09170633539366385,0.9956896551724138,0.06551156962745976,0.0,1.0
690,1413120,405.3928223592409,3631,0.9954128440366973,0.06757302689291851,0.0,1.0,0.18949141103954847,0.6552249252118739,9.688073394495413,10.276183605755612,1.0,76.0,0.566107377409935,0.6802934557199478,0.017339815851300955,0.008363920671399683,0.08903431443591561,0.9954128440366973,0.06757302689291851,0.0,1.0
695,1423360,408.9278820435448,3658,0.9953917050691244,0.06772782698939663,0.0,1.0,0.18211359343539296,0.645012200628933,9.341013824884792,8.035854267647514,1.0,76.0,0.5508035868406296,0.701581284403801,0.008278164314106107,0.0056294448440894485,0.1035979428882354,0.9953917050691244,0.06772782698939663,0.0,1.0
700,1433600,451.26204571513705,3685,1.0,0.0,1.0,1.0,0.19615765355656659,0.6592046923149639,9.004310344827585,7.4674568934417165,1.0,54.0,0.5055785812437534,0.7135384455323219,0.006919908861164004,0.00434629715164192,0.07281515832034488,1.0,0.0,1.0,1.0
705,1443840,355.630747480664,3715,0.9952153110047847,0.0690057660375883,0.0,1.0,0.1676541897906007,0.6260820313283071,9.952153110047847,8.302741096661036,1.0,76.0,0.5391429513692856,0.6959905996918678,0.0005809502908959985,0.004249577323207632,0.09493420336908914,0.9952153110047847,0.0690057660375883,0.0,1.0
710,1454080,389.17102280269603,3741,1.0,0.0,1.0,1.0,0.18208829689593603,0.631957034956601,9.635922330097088,7.2586387015605505,1.0,53.0,0.5318825766444206,0.6877653151750565,-0.002209182915976271,0.00627538951812312,0.08686639249518546,1.0,0.0,1.0,1.0
715,1464320,366.6180652320509,3769,1.0,0.0,1.0,1.0,0.15492919003643268,0.6271103823954663,9.752293577981652,8.07153335511926,2.0,75.0,0.4964088201522827,0.7176487594842911,-0.004475595895200968,0.004364387888927013,0.09547768764534503,1.0,0.0,1.0,1.0
720,1474560,397.42250766536233,3795,1.0,0.0,1.0,1.0,0.18094655362863157,0.6479636841472655,9.112107623318385,7.224831777462535,1.0,66.0,0.5505719482898712,0.7090964093804359,-0.003780425409786403,0.005770456453319639,0.08893826962262845,1.0,0.0,1.0,1.0
725,1484800,465.78786947928046,3822,1.0,0.0,1.0,1.0,0.1870588747080326,0.6594291985172209,9.064377682403434,8.089635804246,1.0,68.0,0.56760124117136,0.7138620987534523,-0.007112531689926982,0.0055651539587415755,0.09840772607993889,1.0,0.0,1.0,1.0
730,1495040,391.8831929188586,3847,0.9954128440366973,0.06757302689291851,0.0,1.0,0.18184934510136375,0.6511416441163871,9.252293577981652,8.222570150331022,1.0,76.0,0.567638948559761,0.6976436153054237,0.015190236852504313,0.0044263787276577204,0.07064557378560904,0.9954128440366973,0.06757302689291851,0.0,1.0
735,1505280,372.05244584765734,3875,1.0,0.0,1.0,1.0,0.1754574438951465,0.6355289399217651,9.23394495412844,5.787945717609788,1.0,36.0,0.552432656288147,0.7127991020679474,-0.013917608477640897,0.004552532511297613,0.08169735565269953,1.0,0.0,1.0,1.0
740,1515520,418.9526548680767,3901,1.0,0.0,1.0,1.0,0.18195145716310804,0.6642838035382304,8.383673469387755,5.475710630939688,1.0,41.0,0.5043051764369011,0.7424261420965195,0.0013487930118571967,0.004291985504096374,0.08179357108190854,1.0,0.0,1.0,1.0
745,1525760,355.76504633574746,3929,1.0,0.0,1.0,1.0,0.17298393282880814,0.6242819237376864,10.185929648241206,9.13112755728516,1.0,76.0,0.5653358027338982,0.6720104962587357,-0.004317320737754926,0.006131757283583283,0.0837057093082123,1.0,0.0,1.0,1.0
750,1536000,389.9131554659137,3954,0.9950248756218906,0.07035888370015399,0.0,1.0,0.15656183496651338,0.6211534538859508,10.054726368159203,8.71677002401083,1.0,76.0,0.5392439626157284,0.686505913734436,0.0061618485051440075,0.005374644650146365,0.0743624820771026,0.9950248756218906,0.07035888370015399,0.0,1.0
755,1546240,369.1958274278743,3983,0.9952830188679245,0.0685181087091224,0.0,1.0,0.18010882096146238,0.6394070941965474,9.632075471698114,8.345516785040838,1.0,76.0,0.5279230028390884,0.6906803399324417,-0.0004645805456675589,0.005347201833501458,0.07467251446269943,0.9952830188679245,0.0685181087091224,0.0,1.0
760,1556480,393.9022094322001,4010,1.0,0.0,1.0,1.0,0.1608666476557549,0.6348423582573862,9.119469026548673,5.434963155057104,1.0,40.0,0.4724160060286522,0.7321906089782715,0.0033743516978574917,0.003771179646719247,0.05904987528252653,1.0,0.0,1.0,1.0
765,1566720,392.9244243681965,4038,1.0,0.0,1.0,1.0,0.1765464541344347,0.6513075043913044,8.772151898734178,5.68798281765063,2.0,38.0,0.49013835936784744,0.7416344657540321,-0.007893255969975144,0.0033046758035197854,0.05902901902238013,1.0,0.0,1.0,1.0
770,1576960,442.0983905437368,4063,0.9908256880733946,0.09534224628819507,0.0,1.0,0.18364405328751907,0.6517246879762671,9.444954128440367,9.338152836208625,1.0,76.0,0.5160315781831741,0.6858304738998413,0.007732034573564306,0.004443412442924455,0.08364643672168363,0.9908256880733946,0.09534224628819507,0.0,1.0
775,1587200,411.925748451766,4091,1.0,0.0,1.0,1.0,0.17841298628230237,0.6355407164301362,9.781990521327014,8.614979669785102,1.0,72.0,0.5411861315369606,0.6901405230164528,-0.0024152642872650176,0.004809313453733921,0.07426180656283446,1.0,0.0,1.0,1.0
780,1597440,368.80218030296277,4117,0.9904306220095693,0.09735401889653494,0.0,1.0,0.18439867701850904,0.6338157203038639,10.267942583732058,10.354712588987253,1.0,76.0,0.5308207347989082,0.6715114340186119,0.007146694624680094,0.0041324983758386225,0.09846524708940185,0.9904306220095693,0.09735401889653494,0.0,1.0
785,1607680,399.952684724955,4142,0.9957081545064378,0.06537144296878893,0.0,1.0,0.1859440653987732,0.6607787003189968,9.017167381974248,8.635670939604722,1.0,76.0,0.5317167639732361,0.7091106176376343,-0.0020782897481694818,0.005225945031270385,0.06182887050006053,0.9957081545064378,0.06537144296878893,0.0,1.0
790,1617920,380.8898351346367,4170,1.0,0.0,1.0,1.0,0.18740628083802868,0.649743473883461,9.127272727272727,6.7461896193455235,1.0,36.0,0.5349110178649426,0.7016566470265388,0.013956650800537318,0.003914078755769879,0.09702197413679323,1.0,0.0,1.0,1.0
795,1628160,359.7028334497875,4200,0.9957627118644068,0.06495639710489785,0.0,1.0,0.18484865577710793,0.6596111801911134,8.648305084745763,6.706880265069159,1.0,76.0,0.4985509663820267,0.727748304605484,0.014954576385207474,0.0034722489363048226,0.09215273942422754,0.9957627118644068,0.06495639710489785,0.0,1.0
800,1638400,443.2547360503731,4225,0.9950738916256158,0.07001315469729999,0.0,1.0,0.1728002823281063,0.6269654407810862,9.921182266009852,8.251806464786746,1.0,76.0,0.5694315358996391,0.6835004389286041,0.01030124502722174,0.0046640189830213785,0.06929879048971263,0.9950738916256158,0.07001315469729999,0.0,1.0
805,1648640,365.6284113571434,4254,1.0,0.0,1.0,1.0,0.1850989381623281,0.6528504967391908,8.883928571428571,6.707865233805608,1.0,66.0,0.5101618319749832,0.7215816676616669,-0.0045328926644288,0.0038896450714673847,0.06345028229018776,1.0,0.0,1.0,1.0
810,1658880,382.9849158525797,4281,0.9955357142857143,0.06666600233512535,0.0,1.0,0.17934780825459892,0.6518665835007406,9.415178571428571,9.217701427740508,1.0,76.0,0.5411779135465622,0.6975142955780029,-0.005201114880037494,0.005251286434940994,0.09720053137192004,0.9955357142857143,0.06666600233512535,0.0,1.0
815,1669120,402.5443900888224,4308,1.0,0.0,1.0,1.0,0.18716903951683747,0.6627007844294178,8.641975308641975,6.575879309320416,1.0,62.0,0.5071644075214863,0.7433124631643295,-0.011829336508526467,0.0038880843785591424,0.0599988622527449,1.0,0.0,1.0,1.0
820,1679360,413.11039591330194,4334,0.9956521739130435,0.06579454761052851,0.0,1.0,0.18342557586839983,0.6548491019381281,8.952173913043477,7.519387669636139,1.0,76.0,0.5113880150020123,0.7112414315342903,0.005700557303498499,0.00588959053857252,0.0690620927800275,0.9956521739130435,0.06579454761052851,0.0,1.0
825,1689600,373.0936449159523,4362,1.0,0.0,1.0,1.0,0.1817106452264308,0.6628396023932919,8.34873949579832,4.998342003192365,1.0,33.0,0.4543534033000469,0.7363558486104012,-0.003916767054761294,0.003470865427516401,0.07157918652379236,1.0,0.0,1.0,1.0
830,1699840,404.197959128264,4388,1.0,0.0,1.0,1.0,0.17650092615359814,0.6234703878548274,10.482587064676617,9.971149690126875,1.0,75.0,0.5749325528740883,0.679959237575531,-0.002131275005012867,0.006533341249451041,0.0905045884446104,1.0,0.0,1.0,1.0
835,1710080,376.46263165774195,4417,0.9957446808510638,0.06509386613097172,0.0,1.0,0.19847118177668674,0.6741783218590512,8.821276595744681,9.433866926070877,1.0,76.0,0.5413750112056732,0.7081636190414429,0.007953777982038446,0.004675695090554655,0.07281765834173598,0.9957446808510638,0.06509386613097172,0.0,1.0
840,1720320,398.9013547053211,4444,1.0,0.0,1.0,1.0,0.18082703511117684,0.6495461612745119,9.026666666666667,6.518295619084622,1.0,44.0,0.5396019145846367,0.7126386389136314,0.0032568192546023056,0.004995873896405101,0.08564126485793741,1.0,0.0,1.0,1.0
845,1730560,291.5453146834776,4472,0.9954545454545455,0.06726658448613065,0.0,1.0,0.17595990878171278,0.653854595115793,9.131818181818181,8.25755226574362,2.0,76.0,0.58379215747118,0.6773245632648468,0.005815000113216229,0.005878033582121134,0.07761640604106596,0.9954545454545455,0.06726658448613065,0.0,1.0
850,1740800,401.3169178046704,4499,0.9903381642512077,0.09781863155225404,0.0,1.0,0.17524395615030486,0.6398297971906426,9.88888888888889,9.720351786949404,1.0,76.0,0.5943605527281761,0.6816695258021355,0.02915741433389485,0.007658260292373598,0.13284645901739636,0.9903381642512077,0.09781863155225404,0.0,1.0
855,1751040,292.159869056963,4527,1.0,0.0,1.0,1.0,0.1781704652921813,0.6471699000332214,8.817391304347826,5.326035492209211,1.0,30.0,0.5060665756464005,0.7303022593259811,-0.009613547008484602,0.004123034770600498,0.06789932345175904,1.0,0.0,1.0,1.0
860,1761280,354.42546439682457,4554,0.9849246231155779,0.12185282063298634,0.0,1.0,0.1726037458901469,0.6353591973020388,10.110552763819095,10.425029756460907,1.0,76.0,0.6314264610409737,0.6617240160703659,0.039671344216912985,0.007488167146220803,0.125163153422203,0.9849246231155779,0.12185282063298634,0.0,1.0
865,1771520,400.91292123713987,4580,1.0,0.0,1.0,1.0,0.17163905007686528,0.627493772925668,9.609865470852018,6.916885913778957,1.0,65.0,0.5657085180282593,0.7260762229561806,-0.02928046928718686,0.005195320874918252,0.08372189722137709,1.0,0.0,1.0,1.0
870,1781760,481.0645929619322,4606,1.0,0.0,1.0,1.0,0.16841060063361468,0.6348411556170882,9.393518518518519,6.958724515260444,1.0,71.0,0.5495454370975494,0.7090546786785126,-0.003203837390174158,0.004578544234391302,0.07119708234636547,1.0,0.0,1.0,1.0
875,1792000,287.72653083236,4633,1.0,0.0,1.0,1.0,0.19426283727708513,0.6684637875868558,8.397590361445783,6.181212158782044,1.0,61.0,0.5104973278939724,0.7505336031317711,0.004605591500876471,0.003656386601505801,0.07659398864070933,1.0,0.0,1.0,1.0
880,1802240,395.54733678574956,4659,0.9957983193277311,0.06468405175773384,0.0,1.0,0.19293312273571558,0.6642140249411095,9.021008403361344,8.643473993748211,1.0,76.0,0.5169118940830231,0.6999306976795197,-0.010496073955437168,0.00663699209690094,0.08759757947951337,0.9957983193277311,0.06468405175773384,0.0,1.0
885,1812480,384.9761614133528,4684,1.0,0.0,1.0,1.0,0.1886455989681478,0.6519211841085758,8.815450643776824,5.906664737077389,1.0,43.0,0.5087502039968967,0.72832091152668,-0.00047788163647055626,0.003934074775315821,0.05918208460997225,1.0,0.0,1.0,1.0
890,1822720,404.0923525998413,4712,1.0,0.0,1.0,1.0,0.19015176184875965,0.6622988878229096,8.508474576271187,5.688593646331442,1.0,37.0,0.49589044973254204,0.7343730255961418,0.000795550033217296,0.004571473924443126,0.1854518366676342,1.0,0.0,1.0,1.0
895,1832960,383.8966590591385,4738,0.990990990990991,0.09448728361893258,0.0,1.0,0.17811775557747223,0.6474165225513837,9.256756756756756,8.32135125918084,1.0,76.0,0.5219737626612186,0.7056607082486153,0.00530712868203409,0.005589139356743544,0.10955450880705239,0.990990990990991,0.09448728361893258,0.0,1.0
900,1843200,412.10135448528007,4765,1.0,0.0,1.0,1.0,0.17186261140178746,0.645735894044028,8.964912280701755,6.211096217285279,1.0,50.0,0.5077580809593201,0.7328991144895554,0.0052359995897859335,0.004376558674266562,0.07001449256940517,1.0,0.0,1.0,1.0
905,1853440,391.8429890065537,4790,0.9907834101382489,0.09555963757293882,0.0,1.0,0.19184629163245936,0.6558201465887534,9.179723502304148,8.632270069888554,1.0,76.0,0.520880687981844,0.6760989129543304,-0.00041536096978234127,0.006980826496146619,0.08633125881221698,0.9907834101382489,0.09555963757293882,0.0,1.0
910,1863680,372.98126551639933,4818,0.9954545454545455,0.06726658448613065,0.0,1.0,0.18458122552653575,0.6525973235727363,9.209090909090909,8.206533377903526,1.0,76.0,0.5362197607755661,0.6912014782428741,0.017908202717080712,0.005420595087343827,0.10958985861873732,0.9954545454545455,0.06726658448613065,0.0,1.0
915,1873920,434.34484330650287,4843,0.9957983193277311,0.06468405175773384,0.0,1.0,0.22143539458860492,0.6866116716217542,8.222689075630251,7.920613856344041,1.0,76.0,0.509098157286644,0.7035201489925385,0.0012296212662477046,0.0052173066069372,0.11846771677734245,0.9957983193277311,0.06468405175773384,0.0,1.0
920,1884160,263.1262023833289,4871,0.9864253393665159,0.11571684934429341,0.0,1.0,0.17689094306540834,0.6509505478003883,9.538461538461538,10.285719810605205,1.0,76.0,0.5178387761116028,0.6888702288269997,0.020550569286569953,0.005558196804486215,0.12339127050340656,0.9864253393665159,0.11571684934429341,0.0,1.0
925,1894400,380.86891057360447,4897,0.9954128440366973,0.06757302689291851,0.0,1.0,0.18340660477792653,0.6470911771726937,9.472477064220184,8.914562578962839,1.0,76.0,0.49898703396320343,0.6919983699917793,0.010900437599048018,0.004981416801456362,0.11464257814560849,0.9954128440366973,0.06757302689291851,0.0,1.0
930,1904640,398.6098661379918,4923,0.9955947136563876,0.06622597523512294,0.0,1.0,0.17149566302578398,0.635450464501924,9.374449339207048,7.284396396694346,1.0,76.0,0.45344043150544167,0.732920728623867,-0.011011951137334108,0.00404049051576294,0.0642623272163903,0.9955947136563876,0.06622597523512294,0.0,1.0
935,1914880,407.26103075375204,4950,1.0,0.0,1.0,1.0,0.17850937592247226,0.6427081347644957,9.235294117647058,6.671260949104852,1.0,43.0,0.5330980718135834,0.7233462557196617,0.0035597656096797436,0.006925882131326944,0.123935355186383,1.0,0.0,1.0,1.0
940,1925120,398.3560980968868,4975,1.0,0.0,1.0,1.0,0.20314142556898226,0.6832681088875994,8.085714285714285,6.520673559799585,1.0,61.0,0.5466688573360443,0.7304750308394432,0.008978507146821357,0.0043089750106446445,0.1062858308025463,1.0,0.0,1.0,1.0
945,1935360,402.9383384253744,5003,1.0,0.0,1.0,1.0,0.18172032770544497,0.6610177348767224,8.682403433476395,6.347754107268187,2.0,44.0,0.5440346598625183,0.7176306918263435,0.0032352555281249806,0.004547171993181109,0.06856012854610163,1.0,0.0,1.0,1.0
950,1945600,401.7006889008834,5028,1.0,0.0,1.0,1.0,0.18700439912749864,0.6506417263278202,9.426605504587156,8.534690593294664,1.0,64.0,0.5612319484353065,0.6876986026763916,-0.0034766248099913355,0.005631538631860167,0.065374069757408,1.0,0.0,1.0,1.0
955,1955840,409.10335682099793,5056,0.9955947136563876,0.06622597523512294,0.0,1.0,0.17978863686014773,0.6489673533936599,9.193832599118943,7.666929775564054,1.0,76.0,0.5407431647181511,0.7119298651814461,0.002885989990318194,0.00440460946992971,0.06833682190547613,0.9955947136563876,0.06622597523512294,0.0,1.0
960,1966080,515.8343490162982,5079,1.0,0.0,1.0,1.0,0.18197839068955332,0.6454530880677684,9.139013452914797,6.609101817146974,1.0,45.0,0.5260415896773338,0.7119661718606949,0.007471340999472886,0.003931280109100044,0.06731105316978148,1.0,0.0,1.0,1.0
965,1976320,395.45772563854825,5107,1.0,0.0,1.0,1.0,0.18500618468831345,0.6453905794299807,9.309417040358744,7.157313116686497,1.0,50.0,0.5456601306796074,0.7041141092777252,-0.009198231535265222,0.004972710739821196,0.07248056731562988,1.0,0.0,1.0,1.0
970,1986560,298.8561547406149,5133,1.0,0.0,1.0,1.0,0.19765194654262305,0.6740815848818762,8.508333333333333,7.527721914511868,1.0,71.0,0.5305138044059277,0.7132456079125404,-0.00037394870014395565,0.004971193673554808,0.06842099911693975,1.0,0.0,1.0,1.0
975,1996800,394.694828824282,5159,1.0,0.0,1.0,1.0,0.21563796039953514,0.6644072242851511,8.777292576419214,7.0616876149520795,1.0,52.0,0.5141365192830563,0.7077411860227585,-0.005414356885012239,0.004913963668514043,0.0569517127852804,1.0,0.0,1.0,1.0
980,2007040,353.60827438136295,5186,0.9955555555555555,0.06651835354264785,0.0,1.0,0.1860541768740648,0.644741879083157,9.168888888888889,7.270513422867656,1.0,76.0,0.5346860438585281,0.7143815159797668,-0.00048518609401071444,0.004531714803306386,0.0890905001113414,0.9955555555555555,0.06651835354264785,0.0,1.0
